image,manabox_csv_row,Name,Set code,Set name,Collector number,Foil,Rarity,Quantity,ManaBox ID,Scryfall ID,Purchase price,Misprint,Altered,Condition,Language,Purchase price currency,Added
images/IMG_0717.jpg,52,Shady Traveler // Stalking Predator,mid,Innistrad: Midnight Hunt,291,normal,common,1,63395,b1463082-62bb-4aa6-8763-b865ef1fdb68,0.07,false,false,near_mint,en,USD,2026-08-03T02:12:19.675361Z
images/IMG_0718.jpg,51,Liliana's Steward,m21,Core Set 2021,300,normal,common,1,50942,aa9ab339-5f1a-425d-abfd-0b65a33d5c85,0.18,false,false,near_mint,en,USD,2026-08-03T02:12:19.675361Z
images/IMG_0719.jpg,50,Ascent of the Worthy,khm,Kaldheim,202,normal,uncommon,1,56745,0bf01666-0fbf-4b15-a33d-964165bbfafb,0.19,false,false,near_mint,en,USD,2026-08-03T02:12:19.675361Z
images/IMG_0720.jpg,49,You've Been Caught Stealing,clb,Commander Legends: Battle for Baldur's Gate,211,normal,common,1,69132,82730ad9-26d1-4349-a1f0-10307d76ad97,0.23,false,false,near_mint,en,USD,2026-08-03T02:12:19.675361Z
images/IMG_0721.jpg,48,Sigil Blessing,mm2,Modern Masters 2015,187,normal,uncommon,1,11030,72b5a580-c267-43f7-be77-fbc2928ff0ab,0.1,false,false,near_mint,en,USD,2026-08-03T02:12:19.675361Z
images/IMG_0722.jpg,47,Selesnya Guildmage,mm2,Modern Masters 2015,197,normal,uncommon,1,11020,10ed69a0-8793-45c0-8971-98a062b8b1fb,0.06,false,false,near_mint,en,USD,2026-08-03T02:12:19.675361Z
images/IMG_0723.jpg,46,Ethereal Ambush,frf,Fate Reforged,152,normal,common,1,11974,825d3f4d-eba3-4c45-8846-03b246e93f6c,0.07,false,false,near_mint,en,USD,2026-08-03T02:12:19.675361Z
images/IMG_0724.jpg,45,Grizzly Ghoul,mid,Innistrad: Midnight Hunt,226,normal,uncommon,1,63497,eec421f1-4ee8-4816-ab5c-372e87aae231,0.21,false,false,near_mint,en,USD,2026-08-03T02:12:19.675361Z
images/IMG_0725.jpg,44,Stensia Banquet,emn,Eldritch Moon,144,normal,common,1,8190,828db19a-ca0d-4b82-a4b6-451125865093,0.09,false,false,near_mint,en,USD,2026-08-03T02:12:19.675361Z
images/IMG_0726.jpg,43,Destructive Tampering,aer,Aether Revolt,78,normal,common,1,6336,00154b70-57d2-4c32-860f-1c36fc49b10c,0.06,false,false,near_mint,en,USD,2026-08-03T02:12:19.675361Z
images/IMG_0727.jpg,42,Hijack,kld,Kaladesh,118,normal,common,1,7525,0e925954-faa3-4d16-8442-e34af1f85fb6,0.21,false,false,near_mint,en,USD,2026-08-03T02:12:19.675361Z
images/IMG_0728.jpg,41,Witness of Tomorrows,thb,Theros Beyond Death,82,normal,common,1,46980,64cd9d60-826c-4b35-9684-dccb0880399e,0.07,false,false,near_mint,en,USD,2026-08-03T02:12:19.675361Z
images/IMG_0729.jpg,40,Harvestguard Alseids,jou,Journey into Nyx,13,normal,common,1,14636,3b9256e2-b59c-4997-91c1-4c565746d53d,0.12,false,false,near_mint,en,USD,2026-08-03T02:12:19.675361Z
images/IMG_0730.jpg,39,Lucent Liminid,fut,Future Sight,24,normal,common,1,26313,cd700719-2f65-4fd5-b3aa-3e9402560c79,0.12,false,false,near_mint,en,USD,2026-08-03T02:12:19.675361Z
images/IMG_0731.jpg,38,Nylea's Forerunner,thb,Theros Beyond Death,186,normal,common,1,46876,2cf2b6be-80a8-4464-a909-8cc658196a14,0.16,false,false,near_mint,en,USD,2026-08-03T02:12:19.675361Z
images/IMG_0732.jpg,37,Oakheart Dryads,jou,Journey into Nyx,133,normal,common,1,14516,d8ef63b9-c021-40fe-910e-93c06d660c20,0.07,false,false,near_mint,en,USD,2026-08-03T02:12:19.675361Z
images/IMG_0733.jpg,36,Farfinder,iko,Ikoria: Lair of Behemoths,2,normal,common,1,50075,53f63f40-46f1-4b9e-b447-ff9274f2b926,0.22,false,false,near_mint,en,USD,2026-08-03T02:12:19.675361Z
images/IMG_0734.jpg,35,Bronze Sable,ths,Theros,212,normal,common,1,15452,ba7e563d-964c-4afd-9e21-9d400f8719d4,0.02,false,false,near_mint,en,USD,2026-08-03T02:12:19.675361Z
images/IMG_0735.jpg,34,Prakhata Pillar-Bug,kld,Kaladesh,228,normal,common,1,7415,9c91b356-b5d8-4239-bb45-dec7f673868d,0.08,false,false,near_mint,en,USD,2026-08-03T02:12:19.675361Z
images/IMG_0736.jpg,33,Giant Growth,6ed,Classic Sixth Edition,233,normal,common,1,35144,c9299742-564b-48ca-a7fa-cf5ed0d98ef6,0.21,false,false,near_mint,en,USD,2026-08-03T02:12:19.675361Z
images/IMG_0737.jpg,32,Angelic Curator,ulg,Urza's Legacy,1,normal,common,1,35519,c63ba2da-6dea-44ac-8439-527222da565b,0.17,false,false,near_mint,en,USD,2026-08-03T02:12:19.675361Z
images/IMG_0738.jpg,31,Giant Cockroach,8ed,Eighth Edition,135,normal,common,1,30401,68b79ee0-0a1b-474c-b68c-6e4ec69c018c,0.18,false,false,near_mint,en,USD,2026-08-03T02:12:19.675361Z
images/IMG_0739.jpg,30,Angelic Page,usg,Urza's Saga,4,normal,common,1,35964,f50a4378-8b14-484c-b285-09cc4c4e1b3c,0.18,false,false,near_mint,en,USD,2026-08-03T02:12:19.675361Z
images/IMG_0740.jpg,29,Workshop Assistant,kld,Kaladesh,241,normal,common,1,7402,509a1a3a-d9a6-4903-95f6-dae6b330f4ea,0.16,false,false,near_mint,en,USD,2026-08-03T02:12:19.675361Z
images/IMG_0741.jpg,28,Triclopean Sight,lrw,Lorwyn,45,normal,common,1,25397,444b5d72-ac5b-43d2-b5dc-0cc4bf63e43d,0.26,false,false,near_mint,en,USD,2026-08-03T02:12:19.675361Z
images/IMG_0742.jpg,27,Dauntless Onslaught,ths,Theros,6,normal,uncommon,1,15658,e652229d-81fe-4261-bebc-9e405bb2d991,0.06,false,false,near_mint,en,USD,2026-08-03T02:12:19.675361Z
images/IMG_0743.jpg,26,Haunting Apparition,mir,Mirage,267,normal,uncommon,1,38323,8ce9c58f-6470-4e0f-8f6b-457fbaac7451,0.13,false,false,near_mint,en,USD,2026-08-03T02:12:19.675361Z
images/IMG_0744.jpg,25,Sandbar Merfolk,usg,Urza's Saga,94,normal,common,1,35874,65ce3960-abf1-4f28-8434-ab3b27d3b7cb,0.16,false,false,near_mint,en,USD,2026-08-03T02:12:19.675361Z
images/IMG_0745.jpg,24,Giant Cockroach,8ed,Eighth Edition,135,normal,common,1,30401,68b79ee0-0a1b-474c-b68c-6e4ec69c018c,0.18,false,false,near_mint,en,USD,2026-08-03T02:12:19.675361Z
images/IMG_0746.jpg,23,Divergent Growth,scg,Scourge,116,normal,common,1,30572,0e609448-7868-4e28-b399-3750556a693c,0.11,false,false,near_mint,en,USD,2026-08-03T02:12:19.675361Z
images/IMG_0747.jpg,22,Whirlpool Whelm,lrw,Lorwyn,96,normal,common,1,25346,1934c34a-c163-4fac-a80d-8b17e8d64efa,0.16,false,false,near_mint,en,USD,2026-08-03T02:12:19.675361Z
images/IMG_0748.jpg,21,Wizard Mentor,usg,Urza's Saga,112,normal,common,1,35856,49805401-9bd9-48a3-9b99-0120a8bb1fb5,0.22,false,false,near_mint,en,USD,2026-08-03T02:12:19.675361Z
images/IMG_0749.jpg,20,Evincar's Justice,tmp,Tempest,134,normal,common,1,36865,5d53f46f-b069-4b34-af4b-98143328c078,0.22,false,false,near_mint,en,USD,2026-08-03T02:12:19.675361Z
images/IMG_0750.jpg,19,Rend Flesh,chk,Champions of Kamigawa,140,normal,common,1,29086,92b300a3-e6a8-4ca9-bb26-03f57b5ff6ec,0.11,false,false,near_mint,en,USD,2026-08-03T02:12:19.675361Z
images/IMG_0751.jpg,18,Aerial Formation,jou,Journey into Nyx,30,normal,common,1,14619,fce86785-bc03-451e-8422-8bb53082cc12,0.05,false,false,near_mint,en,USD,2026-08-03T02:12:19.675361Z
images/IMG_0752.jpg,17,Lush Growth,ala,Shards of Alara,136,normal,common,1,23963,d62047f2-a41f-44b5-a6bc-28e35fad093b,0.12,false,false,near_mint,en,USD,2026-08-03T02:12:19.675361Z
images/IMG_0753.jpg,16,Misery Charm,ons,Onslaught,158,normal,common,1,31145,2be66eaf-222b-4c40-a9fa-aad56b9218e0,0.25,false,false,near_mint,en,USD,2026-08-03T02:12:19.675361Z
images/IMG_0754.jpg,15,Vile Deacon,lgn,Legions,85,normal,common,1,30749,b2641bd5-c845-47a1-8038-bb28b06f896e,0.19,false,false,near_mint,en,USD,2026-08-03T02:12:19.675361Z
images/IMG_0755.jpg,14,Hypnotic Sprite // Mesmeric Glare,eld,Throne of Eldraine,283,normal,uncommon,1,46024,cdb80c03-53a5-4142-a630-bcf489d6383d,0.27,false,false,near_mint,en,USD,2026-08-03T02:12:19.675361Z
images/IMG_0756.jpg,13,Bewilder,tsp,Time Spiral,49,normal,common,1,26851,7be63098-6446-4e64-85b0-9af914f5e075,0.06,false,false,near_mint,en,USD,2026-08-03T02:12:19.675361Z
images/IMG_0757.jpg,12,Heart of Light,10e,Tenth Edition,19,normal,common,1,26124,45aa4b29-ce6b-4579-bee6-06a9ccfda55c,0.16,false,false,near_mint,en,USD,2026-08-03T02:12:19.675361Z
images/IMG_0758.jpg,11,Treetop Bracers,9ed,Ninth Edition,276,normal,common,1,28087,5312742c-0f35-4abc-97ec-fceda2658cec,0.25,false,false,near_mint,en,USD,2026-08-03T02:12:19.675361Z
images/IMG_0759.jpg,10,Cytoplast Root-Kin,mm2,Modern Masters 2015,143,normal,uncommon,1,11074,22e149b2-6bac-4749-ab06-edde21dc408e,0.19,false,false,near_mint,en,USD,2026-08-03T02:12:19.675361Z
images/IMG_0760.jpg,9,Kavu Primarch,mm2,Modern Masters 2015,146,normal,common,1,11071,b1644535-cea4-4dda-aa09-225f8b30dddd,0.1,false,false,near_mint,en,USD,2026-08-03T02:12:19.675361Z
images/IMG_0761.jpg,8,Complete Disregard,bfz,Battle for Zendikar,90,normal,common,1,10261,7d94e878-6c49-4420-9d34-f9ee64e811ba,0.05,false,false,near_mint,en,USD,2026-08-03T02:12:19.675361Z
images/IMG_0762.jpg,7,Gravity Negator,ogw,Oath of the Gatewatch,45,normal,common,1,9337,85f9b63e-6ecc-4d85-9724-87b8176ae6a6,0.05,false,false,near_mint,en,USD,2026-08-03T02:12:19.675361Z
images/IMG_0763.jpg,6,Oblivion Strike,ogw,Oath of the Gatewatch,75,normal,common,1,9307,24e30acf-b30f-4bb3-b80e-dc7e9559da51,0.06,false,false,near_mint,en,USD,2026-08-03T02:12:19.675361Z
images/IMG_0764.jpg,5,Birthing Hulk,ogw,Oath of the Gatewatch,121,normal,uncommon,1,9261,a1a644e0-96e5-4b73-873f-1132948cb21f,0.12,false,false,near_mint,en,USD,2026-08-03T02:12:19.675361Z
images/IMG_0765.jpg,4,Brain Maggot,jou,Journey into Nyx,62,normal,uncommon,1,14587,acdc31d5-6726-453e-94e0-69d2fe9447af,0.3,false,false,near_mint,en,USD,2026-08-03T02:12:19.675361Z
images/IMG_0766.jpg,3,Dreadbringer Lampads,jou,Journey into Nyx,67,normal,common,1,14582,0a2b4819-8aeb-49c0-b40a-3ff280604970,0.08,false,false,near_mint,en,USD,2026-08-03T02:12:19.675361Z
images/IMG_0767.jpg,2,Hateful Eidolon,thb,Theros Beyond Death,101,normal,uncommon,1,46961,812d0f15-f738-4644-9d29-2589d7e66915,0.2,false,false,near_mint,en,USD,2026-08-03T02:12:19.675361Z
